timestamp,open,high,low,close
2026-01-05 00:00:00+00:00,99.7958013040,100.7781224579,99.0327453565,100.1383234660
2026-01-05 01:00:00+00:00,100.1458323289,101.8984116466,99.6427559202,101.2513407656
2026-01-05 02:00:00+00:00,101.0552691073,102.6423836505,100.4249015083,101.9667611869
2026-01-05 03:00:00+00:00,101.9060476088,103.3410796735,101.3619150142,102.6362073281
2026-01-05 04:00:00+00:00,102.8718353105,104.6439678533,102.5217701848,103.8828684206
2026-01-05 05:00:00+00:00,103.7771614120,104.2967486200,103.0894373217,103.7981397350
2026-01-05 06:00:00+00:00,103.8294519077,105.4603149779,103.2142580372,104.8087598913
2026-01-05 07:00:00+00:00,104.8220915788,105.2393756777,103.9789096564,104.5082392185
2026-01-05 08:00:00+00:00,104.5861299555,105.4778853289,104.2483939581,104.6772625956
2026-01-05 09:00:00+00:00,104.4390031249,105.7115399441,104.0513959322,105.2180097903
2026-01-05 10:00:00+00:00,105.3320231791,106.2850450762,104.9121429181,105.4919507313
2026-01-05 11:00:00+00:00,105.5916992430,106.1725748875,104.6294728291,105.4333794275
2026-01-05 12:00:00+00:00,105.3247834836,106.1213645067,104.7601032345,105.4269634552
2026-01-05 13:00:00+00:00,105.4858659410,105.8124234222,104.6647873822,105.2117740053
2026-01-05 14:00:00+00:00,104.9630430935,106.2644167326,104.6145349054,105.6077032228
2026-01-05 15:00:00+00:00,105.5282681326,106.1566773119,104.6786366735,105.8404782629
2026-01-05 16:00:00+00:00,105.6686229981,106.2467851937,105.1288268406,105.5636367198
2026-01-05 17:00:00+00:00,105.5506504063,106.6793588631,104.9516555110,106.0622661319
2026-01-05 18:00:00+00:00,105.9179949076,106.6510120234,105.3820547413,105.9690115346
2026-01-05 19:00:00+00:00,106.1769668827,106.4816333415,105.6837438442,106.1362828824
2026-01-05 20:00:00+00:00,105.9132799950,106.7612489364,105.3925456975,106.0465626344
2026-01-05 21:00:00+00:00,105.8937792483,106.7255216491,105.2774901000,105.6030964723
2026-01-05 22:00:00+00:00,105.7053744308,106.4989918076,104.9101347800,105.5958195620
2026-01-05 23:00:00+00:00,105.6208073240,106.4276983573,104.3992515186,104.7217414282
2026-01-06 00:00:00+00:00,104.8084560752,105.2167161375,103.6639924995,104.4956998498
2026-01-06 01:00:00+00:00,104.2479812434,104.6950999957,102.8299926983,103.4133324895
2026-01-06 02:00:00+00:00,103.4592069025,104.0037107107,102.0505092274,102.5335195063
2026-01-06 03:00:00+00:00,102.5927000840,103.4236411681,101.6747073620,102.4530382420
2026-01-06 04:00:00+00:00,102.6695664905,103.4370349028,101.4160813761,101.9837637402
2026-01-06 05:00:00+00:00,101.9573056839,102.5980780263,100.1220481013,100.9552289713
2026-01-06 06:00:00+00:00,100.9923629620,101.4669416607,100.3346070363,101.1194832239
2026-01-06 07:00:00+00:00,100.9412304370,101.2649924322,99.8221666392,100.5251907407
2026-01-06 08:00:00+00:00,100.5723224153,101.5841494937,99.8658363465,101.2360440391
2026-01-06 09:00:00+00:00,101.3407549808,102.0127743321,99.9857479394,100.8053772022
2026-01-06 10:00:00+00:00,100.6719860117,101.5238585577,100.3298920184,101.0482921730
2026-01-06 11:00:00+00:00,101.1096017074,102.3095504853,100.5467226176,101.9511158469
2026-01-06 12:00:00+00:00,102.1829315208,102.6806825843,101.3386117251,101.6400120809
2026-01-06 13:00:00+00:00,101.5552973623,103.1058727318,100.8249879176,102.4486222059
2026-01-06 14:00:00+00:00,102.4718174096,103.2944203087,101.8030870163,102.2281596145
2026-01-06 15:00:00+00:00,102.3151433346,102.9296061332,101.5642321403,102.5978273541
2026-01-06 16:00:00+00:00,102.8210801131,103.9660440349,102.2018495460,103.2077463449
2026-01-06 17:00:00+00:00,103.2257752367,103.8755831217,102.2675810911,103.1047589860
2026-01-06 18:00:00+00:00,103.1020347090,103.6495065191,102.5842208539,103.0193019102
2026-01-06 19:00:00+00:00,103.1610949085,103.8207256389,102.4820070685,103.1990040780
2026-01-06 20:00:00+00:00,103.1887950851,103.8834982780,102.8052654681,103.4959832866
2026-01-06 21:00:00+00:00,103.5704051727,104.4788339066,102.9561628383,103.7126678041
2026-01-06 22:00:00+00:00,103.5020098872,105.2015639671,103.1252660291,104.6165181764
2026-01-06 23:00:00+00:00,104.4909652971,105.3868906847,103.6856812292,104.9473053875
2026-01-07 00:00:00+00:00,104.8189156648,106.1642821763,104.3624949292,105.5946832792
2026-01-07 01:00:00+00:00,105.5434751090,107.2577763853,104.9165048740,106.4945112435
2026-01-07 02:00:00+00:00,106.5486884104,107.7694045083,106.2142278374,107.1469211600
2026-01-07 03:00:00+00:00,107.2039565261,108.4426865783,106.6306256422,108.0194970348
2026-01-07 04:00:00+00:00,108.0962707668,109.4703057905,107.5045403358,108.8665708114
2026-01-07 05:00:00+00:00,108.8647683519,109.4028474745,108.1792287146,108.8327390744
2026-01-07 06:00:00+00:00,108.6547804573,110.3300525622,108.2181047677,109.5630546924
2026-01-07 07:00:00+00:00,109.5307797706,110.6290617635,108.8461070711,109.8099390967
2026-01-07 08:00:00+00:00,109.6077030492,110.5006161249,109.2736994142,109.9253826487
2026-01-07 09:00:00+00:00,109.7320348262,110.7754369602,108.9450017217,110.0001606780
2026-01-07 10:00:00+00:00,110.0771754820,110.6658085528,109.6258897776,110.3440002879
2026-01-07 11:00:00+00:00,110.1144018425,110.6884968507,109.3071335072,110.0450818908
2026-01-07 12:00:00+00:00,109.9685105308,110.6181423052,108.5959999703,109.2563832434
2026-01-07 13:00:00+00:00,109.4014960955,109.7471289092,108.3895560911,108.7779099555
2026-01-07 14:00:00+00:00,108.6282745264,109.1789295290,108.0005553711,108.4939602918
2026-01-07 15:00:00+00:00,108.6522219224,109.3767144638,107.6520506256,108.4240766347
2026-01-07 16:00:00+00:00,108.5025916249,109.2363269203,106.9665013814,107.7271167117
2026-01-07 17:00:00+00:00,107.9251980142,108.4227372745,106.7809816066,107.5702856390
2026-01-07 18:00:00+00:00,107.3525477320,108.3261032611,106.6271197046,107.5218196803
2026-01-07 19:00:00+00:00,107.7506240300,108.5377731790,106.4742991765,107.2152322073
2026-01-07 20:00:00+00:00,107.3241366380,107.6881171335,106.5485366634,107.1709785547
2026-01-07 21:00:00+00:00,107.1742672362,107.5694189567,105.6683936794,106.3549218399
2026-01-07 22:00:00+00:00,106.2070931695,107.3536981425,105.7495799930,106.7450728505
2026-01-07 23:00:00+00:00,106.7425903802,107.1379757346,105.7551680873,106.4079957781
2026-01-08 00:00:00+00:00,106.4168550673,106.9640925720,105.1536153052,105.5401395550
2026-01-08 01:00:00+00:00,105.5908561471,105.9617230664,104.1871499313,104.7003690783
2026-01-08 02:00:00+00:00,104.8453694313,105.2312996223,103.8745528956,104.3827811432
2026-01-08 03:00:00+00:00,104.2520301155,105.0840340340,102.6290013623,103.3312741349
2026-01-08 04:00:00+00:00,103.5724930509,104.0572030799,101.9624274099,102.5758177283
2026-01-08 05:00:00+00:00,102.4366372361,102.8945618012,101.9620456760,102.4360853505
2026-01-08 06:00:00+00:00,102.6714357407,103.0574598912,100.8487729420,101.6824173314
2026-01-08 07:00:00+00:00,101.6667389856,102.0064643208,100.4839211177,101.1768519940
2026-01-08 08:00:00+00:00,101.3485549053,101.7975631535,99.7168207161,100.4666950782
2026-01-08 09:00:00+00:00,100.4011741762,101.2803934066,99.7886829417,100.8216357371
2026-01-08 10:00:00+00:00,100.7756093006,101.6217320166,100.1341055997,100.6216954562
2026-01-08 11:00:00+00:00,100.7435091482,101.2886771566,100.2777135606,100.7197231299
2026-01-08 12:00:00+00:00,100.5279109777,101.4876760853,99.7785501248,101.0965160263
2026-01-08 13:00:00+00:00,101.0726870181,102.1110699889,100.6722096418,101.5615969147
2026-01-08 14:00:00+00:00,101.3174867141,102.4136796124,100.8484632810,101.7877978810
2026-01-08 15:00:00+00:00,101.6977385162,103.4450334875,100.8868587388,102.7159597163
2026-01-08 16:00:00+00:00,102.7762203326,103.3710593627,102.1469837253,102.9792357189
2026-01-08 17:00:00+00:00,102.9533708938,104.1110167442,102.1743964923,103.3579370120
2026-01-08 18:00:00+00:00,103.4473285324,104.4482360084,102.9357700027,103.8447247072
2026-01-08 19:00:00+00:00,103.6204210074,104.2980123401,103.0896268939,103.9178144754
2026-01-08 20:00:00+00:00,103.7617189568,104.8143506492,103.2741132744,104.3523018315
2026-01-08 21:00:00+00:00,104.5048657440,105.6965005748,103.8942710057,104.9595242027
2026-01-08 22:00:00+00:00,105.1229570509,105.8551982374,104.3059327565,104.6686230015
2026-01-08 23:00:00+00:00,104.6456858883,105.5239610647,103.7990714814,105.1079354248
2026-01-09 00:00:00+00:00,105.1433641803,106.1898527816,104.6257905378,105.7536821454
2026-01-09 01:00:00+00:00,105.8905314394,106.6081744973,105.3581030018,106.1213627442
2026-01-09 02:00:00+00:00,106.1148581169,106.9513173337,105.6808291290,106.4751968906
2026-01-09 03:00:00+00:00,106.6772039185,108.0665136115,105.8573488598,107.2426577856
2026-01-09 04:00:00+00:00,107.4692201380,108.1092247062,107.0247802363,107.7366438399
2026-01-09 05:00:00+00:00,107.7984055521,108.7446356939,107.3367954803,108.3040262591
2026-01-09 06:00:00+00:00,108.4016708840,109.5389416289,107.8484032700,108.8917878196
2026-01-09 07:00:00+00:00,109.0773533595,110.6919241116,108.6570578642,109.8654025001
2026-01-09 08:00:00+00:00,109.9251554937,111.2240684408,109.5448966545,110.5317067876
2026-01-09 09:00:00+00:00,110.4676329085,111.3174409577,109.8831695512,110.9647509899
2026-01-09 10:00:00+00:00,111.0779035884,111.7261834130,109.9100069983,110.6612955754
2026-01-09 11:00:00+00:00,110.8045429536,111.5887821325,110.2237056682,111.0860256085
2026-01-09 12:00:00+00:00,111.1883833797,111.8242192275,110.0237153469,110.6471359791
2026-01-09 13:00:00+00:00,110.6424468225,111.1550039343,109.4911442352,110.2254810256
2026-01-09 14:00:00+00:00,110.3146934000,110.8104405402,109.8468196870,110.2912156010
2026-01-09 15:00:00+00:00,110.5155986426,111.2763275763,109.0469765867,109.8343552240
2026-01-09 16:00:00+00:00,109.9551871135,110.5306957754,108.6937737487,109.0154232641
2026-01-09 17:00:00+00:00,109.2572252122,109.7645807765,107.8662039853,108.5371384093
2026-01-09 18:00:00+00:00,108.6184886780,109.1253425179,106.9732552482,107.8084429996
2026-01-09 19:00:00+00:00,107.9035328390,108.3841987369,107.2832525694,107.7694938165
2026-01-09 20:00:00+00:00,107.7721216305,108.4156876358,106.9313703144,107.7166014515
2026-01-09 21:00:00+00:00,107.6447570748,108.4350264585,106.3637786914,107.0253017057
2026-01-09 22:00:00+00:00,107.0883301565,108.1434274203,106.7463004094,107.4422515844
2026-01-09 23:00:00+00:00,107.5747263071,108.2759980090,106.3663552268,106.8370741003
2026-01-10 00:00:00+00:00,107.0238261722,107.8219685808,106.5890564998,107.0278707571
2026-01-10 01:00:00+00:00,107.2726999131,107.8342830882,106.6873459116,107.3395050219
2026-01-10 02:00:00+00:00,107.3039028638,107.7140637555,106.1202159776,106.5733927301
2026-01-10 03:00:00+00:00,106.7382229965,107.2687154414,105.8887348650,106.7273799367
2026-01-10 04:00:00+00:00,106.8167920194,107.6653628445,105.6795825718,106.0446395773
2026-01-10 05:00:00+00:00,106.0208993347,106.4545222682,105.0502190565,105.8258654979
2026-01-10 06:00:00+00:00,105.5777888416,106.1996478910,105.0514959029,105.7204107410
2026-01-10 07:00:00+00:00,105.5739688152,106.3016008088,104.9531230990,105.4828971826
2026-01-10 08:00:00+00:00,105.4546416124,106.2648859850,104.8529150305,105.1939597076
2026-01-10 09:00:00+00:00,105.3610688998,106.1894625882,104.8331880479,105.1500810528
2026-01-10 10:00:00+00:00,105.0766088553,105.8528627607,104.0468893228,104.7216642589
2026-01-10 11:00:00+00:00,104.7952018245,105.6522888828,104.0111025688,105.0696520518
2026-01-10 12:00:00+00:00,105.0263699839,105.7794316225,104.3364805603,105.3828740165
2026-01-10 13:00:00+00:00,105.3675157518,105.9518396662,104.7937503247,105.5964142687
2026-01-10 14:00:00+00:00,105.7691363003,107.2794381975,105.0823627577,106.6555985073
2026-01-10 15:00:00+00:00,106.5963466497,107.3625436941,106.0005984071,107.0468193611
2026-01-10 16:00:00+00:00,107.0575062854,108.3816363848,106.2265574278,108.0580055518
2026-01-10 17:00:00+00:00,107.9019637252,110.0723621970,107.2841777704,109.3063179842
2026-01-10 18:00:00+00:00,109.3334985783,110.8930115982,108.9659594568,110.0703637008
2026-01-10 19:00:00+00:00,110.1934811614,111.7003713716,109.3467207442,111.0144558102
2026-01-10 20:00:00+00:00,110.7666644977,112.2618193772,110.0882012742,111.8271157446
2026-01-10 21:00:00+00:00,111.8621803179,112.7940185085,111.1644969423,112.1971375332
2026-01-10 22:00:00+00:00,112.0464967214,112.8357780154,111.4752208472,112.3830693955
2026-01-10 23:00:00+00:00,112.3476040732,113.6664300427,111.7037300634,113.1773685166
2026-01-11 00:00:00+00:00,113.0330717615,114.0872761567,112.3465473359,113.2474214501
2026-01-11 01:00:00+00:00,113.2006170990,114.1334741574,112.6399578591,113.6692410689
2026-01-11 02:00:00+00:00,113.8143745342,114.8533909013,113.1566558721,114.5416517131
2026-01-11 03:00:00+00:00,114.4976136184,115.4860572900,114.1013823152,115.0064629799
2026-01-11 04:00:00+00:00,115.2179891432,115.6997620979,114.5148208018,114.9507096530
2026-01-11 05:00:00+00:00,115.1505969305,115.8122411525,114.8504787431,115.5065421177
2026-01-11 06:00:00+00:00,115.2746133531,116.7025568977,114.7461019164,116.2598903966
2026-01-11 07:00:00+00:00,116.1663806071,117.2934545564,115.7061616735,116.6294803447
2026-01-11 08:00:00+00:00,116.8189468921,117.9990107570,116.0340007398,117.2826995917
2026-01-11 09:00:00+00:00,117.2343639933,118.0863685751,116.7501390326,117.4419922158
2026-01-11 10:00:00+00:00,117.2421055620,118.5042093440,116.4194846183,118.0066379207
2026-01-11 11:00:00+00:00,117.7882721781,118.8620002364,117.4803587796,118.3720046152
2026-01-11 12:00:00+00:00,118.2203504088,119.4153450943,117.4037785468,118.7914698441
2026-01-11 13:00:00+00:00,119.0043942581,119.5890240699,118.1639482735,118.5565088848
2026-01-11 14:00:00+00:00,118.3359964937,118.9665107999,117.8041291368,118.3201656524
2026-01-11 15:00:00+00:00,118.1570051841,118.6270237557,117.2921087827,118.0630759342
2026-01-11 16:00:00+00:00,118.1509785146,118.6143777259,117.1777464245,117.6347775064
2026-01-11 17:00:00+00:00,117.4370118772,118.1821622961,116.4745853312,116.8983963315
2026-01-11 18:00:00+00:00,116.7205121690,117.2075117004,115.5824912246,116.0299943687
2026-01-11 19:00:00+00:00,116.0855849558,116.6968199531,115.1625253644,115.9495986744
2026-01-11 20:00:00+00:00,115.8355290086,116.5291444698,114.3844577045,114.9844347646
2026-01-11 21:00:00+00:00,114.7757653646,115.5234131989,113.9240528079,114.5935410382
2026-01-11 22:00:00+00:00,114.7727592532,115.2451801142,113.6574413836,114.0716746755
2026-01-11 23:00:00+00:00,113.8684031895,114.5111908865,113.4535767843,114.1636373254
2026-01-12 00:00:00+00:00,114.1533769683,114.9153002562,112.9916265640,113.7750128648
2026-01-12 01:00:00+00:00,113.6988616466,114.5433094660,113.3058287179,113.9919659553
2026-01-12 02:00:00+00:00,113.9510650990,114.4314569994,113.0335359444,113.3904084204
2026-01-12 03:00:00+00:00,113.4361527414,114.4199267293,113.0104534851,113.6277433216
2026-01-12 04:00:00+00:00,113.4578698396,114.4878016488,113.0619776692,113.9338341037
2026-01-12 05:00:00+00:00,113.7833927194,114.3334361845,113.4365976546,113.8428979398
2026-01-12 06:00:00+00:00,114.0301389658,114.4368185690,113.0818485417,113.7548153663
2026-01-12 07:00:00+00:00,113.9718159187,114.6043815656,112.6906800772,113.0550855856
2026-01-12 08:00:00+00:00,113.2210969397,113.8499247471,112.2736203642,112.9107552752
2026-01-12 09:00:00+00:00,113.1254878844,113.9514088134,111.9562216879,112.7104934483
2026-01-12 10:00:00+00:00,112.5389960475,113.6205727618,111.8136689775,113.1086374126
2026-01-12 11:00:00+00:00,113.1931897155,114.0398969663,112.5445396148,112.9296019261
2026-01-12 12:00:00+00:00,113.0098851842,113.7528547695,111.7908828093,112.5508962957
2026-01-12 13:00:00+00:00,112.4746829500,113.8388985259,111.7415793535,113.0329166736
2026-01-12 14:00:00+00:00,113.0758621956,113.6612425752,112.2998332636,113.3023702811
2026-01-12 15:00:00+00:00,113.3207652591,113.9006106303,112.3378814376,113.0797276702
2026-01-12 16:00:00+00:00,113.2850076497,114.4488083493,112.4567253972,114.1386283563
2026-01-12 17:00:00+00:00,114.1059053910,115.3414682908,113.4676241481,114.9421108028
2026-01-12 18:00:00+00:00,114.9498630358,116.2452491155,114.2038447611,115.4102949609
2026-01-12 19:00:00+00:00,115.2140824301,116.9164440052,114.5535142586,116.2119695882
2026-01-12 20:00:00+00:00,116.3194441848,117.9324581743,115.6160968453,117.4037084283
2026-01-12 21:00:00+00:00,117.5964808475,118.7186651423,117.1890172538,118.1228347247
2026-01-12 22:00:00+00:00,117.9563991415,118.6836062074,117.1398793954,118.2224202506
2026-01-12 23:00:00+00:00,118.0094343166,119.4376987281,117.3858032714,119.0487058719
2026-01-13 00:00:00+00:00,119.2479061180,120.4793167695,118.6314238258,119.7260098808
2026-01-13 01:00:00+00:00,119.7135640337,120.4617982654,118.9991077555,119.4426515562
2026-01-13 02:00:00+00:00,119.4842657802,119.9481005261,119.0209489673,119.5318426921
2026-01-13 03:00:00+00:00,119.3883709273,120.2615634142,118.6717277569,119.6226079421
2026-01-13 04:00:00+00:00,119.3875346182,120.9871620425,118.9105990431,120.1715077973
2026-01-13 05:00:00+00:00,120.0307986376,120.5919257759,118.9112955681,119.5338828216
2026-01-13 06:00:00+00:00,119.4058319886,120.1822203181,118.6442879242,119.6062364196
2026-01-13 07:00:00+00:00,119.3705849815,120.8901657938,118.8882602995,120.1080229015
2026-01-13 08:00:00+00:00,120.0398450480,120.5719332264,119.2736524365,120.1693309625
2026-01-13 09:00:00+00:00,120.3524649528,120.9060583946,119.3149005891,119.9440048739
2026-01-13 10:00:00+00:00,119.8881194518,120.6648586106,119.1689584533,120.2006621949
2026-01-13 11:00:00+00:00,120.0942667549,120.6355875255,119.6419532328,120.2823263749
2026-01-13 12:00:00+00:00,120.2843093254,120.9384435521,119.4967383012,119.9581389319
2026-01-13 13:00:00+00:00,120.1076743950,120.7687295177,119.3074675240,119.9549462975
2026-01-13 14:00:00+00:00,119.7169847706,120.6105107296,118.9500146209,120.1622345796
2026-01-13 15:00:00+00:00,119.9706982015,120.4110836351,119.1536192813,119.7106983640
2026-01-13 16:00:00+00:00,119.7358709095,120.1788233052,119.1636405602,119.5034125007
2026-01-13 17:00:00+00:00,119.6038907645,120.1372061144,117.7808075391,118.5284191340
2026-01-13 18:00:00+00:00,118.7193987481,119.3961248689,117.8871347179,118.3747203819
2026-01-13 19:00:00+00:00,118.4722902446,118.9252570392,116.7604532644,117.3054520320
2026-01-13 20:00:00+00:00,117.2053742254,117.8241586133,115.9047233970,116.4661135703
2026-01-13 21:00:00+00:00,116.6255055037,117.0394146165,115.2620914288,116.0231778435
2026-01-13 22:00:00+00:00,115.8512142251,116.2827098093,113.9814787206,114.6357927955
2026-01-13 23:00:00+00:00,114.5980314295,115.3215658895,113.6251009808,114.4742344177
2026-01-14 00:00:00+00:00,114.6930951073,115.3027158001,112.9750762964,113.6534393959
2026-01-14 01:00:00+00:00,113.4926272530,113.9437959192,111.9976185338,112.8405638718
2026-01-14 02:00:00+00:00,112.9529781675,113.6785816296,112.2162914875,113.0140421825
2026-01-14 03:00:00+00:00,112.8961935454,113.2454483386,112.3927600014,112.7924145270
2026-01-14 04:00:00+00:00,113.0409837907,113.7249219958,112.4369622773,112.7895660362
2026-01-14 05:00:00+00:00,112.7845566500,113.4097755823,111.9628263331,113.0539567507
2026-01-14 06:00:00+00:00,113.0846890916,113.4860974672,112.3428535980,112.8422093592
2026-01-14 07:00:00+00:00,113.0207469134,114.0192821802,112.2227555886,113.3122491035
2026-01-14 08:00:00+00:00,113.5012853493,113.8541998837,113.1354326823,113.4406290932
2026-01-14 09:00:00+00:00,113.3108099886,113.8928827301,112.5082672876,113.1505278952
2026-01-14 10:00:00+00:00,113.2694886033,113.9444789842,112.7341435214,113.0360681445
2026-01-14 11:00:00+00:00,112.9918780328,114.1023080561,112.2677860996,113.4153698203
2026-01-14 12:00:00+00:00,113.2955739945,113.9603579309,112.9624298755,113.4051555968
2026-01-14 13:00:00+00:00,113.4299965068,114.4957045753,112.9908500721,113.6906054407
2026-01-14 14:00:00+00:00,113.5698251680,114.3020170534,112.8066497517,113.2626961901
2026-01-14 15:00:00+00:00,113.0907214573,114.5853669985,112.2868343826,113.7615187785
2026-01-14 16:00:00+00:00,113.8881323957,114.4225541125,113.4447114136,113.8144343144
2026-01-14 17:00:00+00:00,113.7897143333,114.9870126795,113.1485187821,114.4314255551
2026-01-14 18:00:00+00:00,114.4000201658,115.4221484193,113.6574203182,114.9773835836
2026-01-14 19:00:00+00:00,115.1775915016,115.6980000212,114.4715266059,115.2035929079
2026-01-14 20:00:00+00:00,115.0331722382,116.9581407036,114.6868198962,116.6165171240
2026-01-14 21:00:00+00:00,116.5688325662,118.0284656646,115.9707648242,117.1913265560
2026-01-14 22:00:00+00:00,117.3367146019,118.5957238985,116.5206147154,118.2311048813
2026-01-14 23:00:00+00:00,118.3991381246,119.8475910745,117.7743587894,119.2197598403
